{
  "dataset_info": {
    "Total patients": 608,
    "With imaging": 142,
    "With RNA-seq": 427,
    "With clinical": 587,
    "With survival": 348,
    "Complete (all 4)": 68
  },
  "model_results": {
    "Image-Only": {
      "c_index_mean": 0.5542483660130719,
      "c_index_std": 0.07437351369602864,
      "fold_values": [
        0.6535947712418301,
        0.5359477124183006,
        0.5816993464052288,
        0.4264705882352941,
        0.5735294117647058
      ],
      "n_patients": 142
    },
    "RNA-Only": {
      "c_index_mean": 0.6173903346061707,
      "c_index_std": 0.030886414958314186,
      "fold_values": [
        0.5827884078025818,
        0.6577777862548828,
        0.6116048097610474
      ],
      "n_patients": 264
    },
    "Partial\nModality": {
      "c_index_mean": 0.5938209176063538,
      "c_index_std": 0.016402330906066943,
      "fold_values": [
        0.6081193089485168,
        0.6057971119880676,
        0.5627849102020264,
        0.59957355260849,
        0.592829704284668
      ],
      "n_patients": 608
    },
    "SimMLM": {
      "c_index_mean": 0.5818885161472077,
      "c_index_std": 0.03550526823044417,
      "fold_values": [
        0.6023391812865497,
        0.531948402579871,
        0.6113779645752027
      ],
      "n_patients": 348
    },
    "MMsurv": {
      "c_index_mean": 0.5800878008206686,
      "c_index_std": 0.015163033303058024,
      "fold_values": [
        0.5793972015380859,
        0.5618718862533569,
        0.5989943146705627
      ],
      "n_patients": 88
    },
    "Simple\nFusion": {
      "c_index_mean": 0.603451689084371,
      "c_index_std": 0.008641576544620168,
      "fold_values": [
        0.591269850730896,
        0.6086956262588501,
        0.6103895902633667
      ],
      "n_patients": 88
    }
  },
  "best_model": {
    "name": "RNA-Only",
    "c_index": 0.6173903346061707,
    "std": 0.030886414958314186
  }
}