{
  "train_loss": [
    0.7953255216280619,
    0.7955395181973776,
    0.8003249883651733,
    0.7910826086997986,
    0.7985766688982646,
    0.7932581583658854,
    0.7928452849388122,
    0.7947866161664326,
    0.7984515428543091,
    0.7958631793657939,
    0.7951843698819479,
    0.7964399417241415,
    0.7935493588447571,
    0.7959069728851318,
    0.7944843252499898
  ],
  "val_loss": [
    0.6825172081589699,
    0.6824634671211243,
    0.6824508607387543,
    0.6823846101760864,
    0.6823267564177513,
    0.6823556944727898,
    0.6824209690093994,
    0.6824618503451347,
    0.682424858212471,
    0.6824531778693199,
    0.6824581250548363,
    0.6824613139033318,
    0.6824540197849274,
    0.6824279129505157,
    0.6823899894952774
  ],
  "learning_rates": [
    0.0001,
    0.0001,
    0.0001,
    0.0001,
    0.0001,
    0.0001,
    0.0001,
    0.0001,
    0.0001,
    5e-05,
    5e-05,
    5e-05,
    5e-05,
    5e-05,
    5e-05
  ]
}